{"parameters/cls_head.weight": {"_type": "histogram", "values": [22.0, 35.0, 56.0, 49.0, 49.0, 43.0, 43.0, 48.0, 66.0, 57.0, 46.0, 47.0, 61.0, 57.0, 50.0, 40.0, 43.0, 58.0, 46.0, 58.0, 47.0, 44.0, 53.0, 49.0, 50.0, 58.0, 63.0, 48.0, 52.0, 34.0, 53.0, 48.0, 35.0, 59.0, 59.0, 65.0, 51.0, 55.0, 51.0, 46.0, 55.0, 39.0, 45.0, 55.0, 45.0, 42.0, 55.0, 58.0, 37.0, 50.0, 45.0, 59.0, 50.0, 45.0, 48.0, 49.0, 48.0, 57.0, 42.0, 42.0, 42.0, 40.0, 23.0, 7.0], "bins": [-0.0373760461807251, -0.03619760647416115, -0.0350191667675972, -0.03384072706103325, -0.0326622873544693, -0.03148384764790535, -0.03030540607869625, -0.0291269663721323, -0.027948526665568352, -0.026770086959004402, -0.025591647252440453, -0.024413207545876503, -0.023234765976667404, -0.022056326270103455, -0.020877886563539505, -0.019699446856975555, -0.018521007150411606, -0.017342567443847656, -0.016164127737283707, -0.014985687099397182, -0.013807247392833233, -0.012628807686269283, -0.011450367048382759, -0.01027192734181881, -0.00909348763525486, -0.00791504792869091, -0.0067366077564656734, -0.0055581675842404366, -0.004379727877676487, -0.0032012881711125374, -0.0020228479988873005, -0.0008444078266620636, 0.00033403560519218445, 0.0015124755445867777, 0.002690915483981371, 0.003869355423375964, 0.005047795362770557, 0.006226235069334507, 0.007404675241559744, 0.00858311541378498, 0.00976155512034893, 0.01093999482691288, 0.01211843453347683, 0.013296875171363354, 0.014475314877927303, 0.015653755515813828, 0.016832195222377777, 0.018010634928941727, 0.019189074635505676, 0.020367514342069626, 0.021545954048633575, 0.022724393755197525, 0.023902833461761475, 0.025081273168325424, 0.026259714737534523, 0.027438154444098473, 0.028616594150662422, 0.029795033857226372, 0.03097347356379032, 0.03215191513299942, 0.03333035483956337, 0.03450879454612732, 0.03568723425269127, 0.03686567395925522, 0.03804411366581917]}, "_timestamp": 1660442629, "_runtime": 10, "parameters/cls_head.bias": {"_type": "histogram", "values": [1.0, 0.0, 0.0, 0.0, 0.0, 0.0, 0.0, 0.0, 0.0, 0.0, 0.0, 0.0, 0.0, 0.0, 0.0, 0.0, 0.0, 0.0, 0.0, 1.0, 0.0, 0.0, 0.0, 0.0, 0.0, 0.0, 0.0, 0.0, 0.0, 0.0, 1.0, 0.0, 0.0, 0.0, 0.0, 0.0, 0.0, 0.0, 0.0, 0.0, 0.0, 0.0, 0.0, 0.0, 0.0, 0.0, 0.0, 0.0, 0.0, 0.0, 0.0, 0.0, 0.0, 0.0, 0.0, 0.0, 0.0, 0.0, 0.0, 0.0, 0.0, 0.0, 0.0, 1.0], "bins": [-0.015190801583230495, -0.014661152847111225, -0.014131504110991955, -0.013601855374872684, -0.013072206638753414, -0.012542557902634144, -0.012012909166514874, -0.011483260430395603, -0.010953611694276333, -0.010423962958157063, -0.009894314222037792, -0.009364665485918522, -0.008835016749799252, -0.008305368013679981, -0.007775719277560711, -0.007246070541441441, -0.00671642180532217, -0.0061867730692029, -0.00565712433308363, -0.005127475596964359, -0.004597826860845089, -0.004068178124725819, -0.0035385293886065483, -0.003008880652487278, -0.0024792319163680077, -0.0019495831802487373, -0.001419934444129467, -0.0008902857080101967, -0.00036063697189092636, 0.00016901176422834396, 0.0006986605003476143, 0.0012283092364668846, 0.0017579589039087296, 0.002287607640028, 0.00281725637614727, 0.0033469051122665405, 0.003876553848385811, 0.004406202584505081, 0.0049358513206243515, 0.005465500056743622, 0.005995148792862892, 0.0065247975289821625, 0.007054446265101433, 0.007584095001220703, 0.008113743737339973, 0.008643392473459244, 0.009173041209578514, 0.009702689945697784, 0.010232338681817055, 0.010761987417936325, 0.011291636154055595, 0.011821284890174866, 0.012350933626294136, 0.012880582362413406, 0.013410231098532677, 0.013939879834651947, 0.014469528570771217, 0.014999177306890488, 0.015528826043009758, 0.01605847477912903, 0.0165881235152483, 0.01711777225136757, 0.01764742098748684, 0.01817706972360611, 0.01870671845972538]}, "_step": 14, "Epochs": 0, "Total Loss": 2.3611562252044678, "Cross-entropy Loss": 1.37867271900177, "Dice Loss": 0.9824835062026978, "Intersection over Union": 0.201171875, "Number of Examples": 20, "image_14.jpg": {"_type": "image-file", "path": "media/images/image_14.jpg_10_64f964913db637ea39f4.png", "sha256": "64f964913db637ea39f492a25a01bf923f2713f8fc8a60bd103e967e86643a92", "size": 409080, "format": "png", "width": 950, "height": 463}, "image_3.jpg": {"_type": "image-file", "path": "media/images/image_3.jpg_11_03aef805cb67dd547c2c.png", "sha256": "03aef805cb67dd547c2ce1679d67726fa725fa9518117e49802636a9bf155a75", "size": 429841, "format": "png", "width": 950, "height": 463}, "image_25.jpg": {"_type": "image-file", "path": "media/images/image_25.jpg_12_66960ea4d5ff7ee06c02.png", "sha256": "66960ea4d5ff7ee06c02f6088b548f18a8b6fbb16027c2ea85f831f21d1b753e", "size": 383605, "format": "png", "width": 950, "height": 463}, "image_20.jpg": {"_type": "image-file", "path": "media/images/image_20.jpg_13_d0a2d0af0fcd0c95a387.png", "sha256": "d0a2d0af0fcd0c95a38752df89200f1f3366be14792e4b13f13a46368f665340", "size": 367853, "format": "png", "width": 950, "height": 463}, "Test Accuracy": 0.25, "Test IoU": 0.049560546875, "_wandb": {"runtime": 12}}