{"parameters/cls_head.weight": {"_type": "histogram", "values": [11.0, 18.0, 36.0, 43.0, 60.0, 51.0, 61.0, 47.0, 48.0, 52.0, 41.0, 54.0, 45.0, 48.0, 47.0, 55.0, 29.0, 50.0, 46.0, 62.0, 43.0, 53.0, 52.0, 58.0, 44.0, 49.0, 42.0, 60.0, 41.0, 62.0, 45.0, 64.0, 46.0, 52.0, 52.0, 48.0, 47.0, 55.0, 56.0, 52.0, 47.0, 56.0, 74.0, 50.0, 48.0, 53.0, 53.0, 59.0, 59.0, 42.0, 48.0, 45.0, 57.0, 63.0, 46.0, 57.0, 50.0, 49.0, 53.0, 30.0, 53.0, 34.0, 11.0, 10.0], "bins": [-0.03858926147222519, -0.037379972636699677, -0.036170680075883865, -0.03496139124035835, -0.03375209867954254, -0.03254280984401703, -0.03133351728320122, -0.030124228447675705, -0.028914937749505043, -0.02770564705133438, -0.02649635635316372, -0.025287065654993057, -0.024077776819467545, -0.022868484258651733, -0.02165919542312622, -0.02044990472495556, -0.019240614026784897, -0.018031323328614235, -0.016822032630443573, -0.015612742863595486, -0.014403452165424824, -0.013194161467254162, -0.011984871700406075, -0.010775581002235413, -0.00956629030406475, -0.008356999605894089, -0.007147709373384714, -0.0059384191408753395, -0.004729128442704678, -0.0035198377445340157, -0.002310547512024641, -0.0011012572795152664, 0.00010803714394569397, 0.0013173276092857122, 0.0025266180746257305, 0.003735908539965749, 0.004945199005305767, 0.006154489703476429, 0.007363779935985804, 0.008573070168495178, 0.00978236086666584, 0.010991651564836502, 0.012200942263007164, 0.013410232029855251, 0.014619522728025913, 0.01582881435751915, 0.017038103193044662, 0.018247393891215324, 0.019456684589385986, 0.020665975287556648, 0.02187526598572731, 0.023084556683897972, 0.024293847382068634, 0.025503136217594147, 0.02671242691576481, 0.02792171761393547, 0.029131008312106133, 0.030340299010276794, 0.03154958784580231, 0.03275888040661812, 0.03396816924214363, 0.03517746180295944, 0.036386750638484955, 0.03759603947401047, 0.03880533203482628]}, "_timestamp": 1660442531, "_runtime": 11, "parameters/cls_head.bias": {"_type": "histogram", "values": [2.0, 0.0, 0.0, 0.0, 0.0, 0.0, 0.0, 0.0, 0.0, 0.0, 0.0, 0.0, 0.0, 0.0, 0.0, 0.0, 0.0, 0.0, 0.0, 0.0, 0.0, 0.0, 0.0, 0.0, 0.0, 0.0, 0.0, 0.0, 0.0, 0.0, 0.0, 0.0, 0.0, 0.0, 0.0, 0.0, 0.0, 0.0, 0.0, 0.0, 0.0, 0.0, 0.0, 0.0, 0.0, 0.0, 0.0, 0.0, 0.0, 0.0, 0.0, 1.0, 0.0, 0.0, 0.0, 0.0, 0.0, 0.0, 0.0, 0.0, 0.0, 0.0, 0.0, 1.0], "bins": [-0.03155295550823212, -0.030703460797667503, -0.02985396794974804, -0.029004473239183426, -0.028154978528618813, -0.0273054838180542, -0.026455990970134735, -0.025606496259570122, -0.02475700154900551, -0.023907506838440895, -0.02305801399052143, -0.022208519279956818, -0.021359024569392204, -0.02050952985882759, -0.019660037010908127, -0.018810542300343513, -0.0179610475897789, -0.017111552879214287, -0.016262060031294823, -0.01541256532073021, -0.014563070610165596, -0.013713576830923557, -0.012864083051681519, -0.012014588341116905, -0.011165095493197441, -0.010315601713955402, -0.009466107003390789, -0.00861661322414875, -0.007767118513584137, -0.006917624734342098, -0.006068130489438772, -0.005218636244535446, -0.004369141533970833, -0.003519647289067507, -0.0026701530441641808, -0.0018206590320914984, -0.0009711647871881723, -0.00012167077511548996, 0.0007278234697878361, 0.0015773177146911621, 0.002426811959594488, 0.003276306204497814, 0.00412580044940114, 0.004975294694304466, 0.005824788473546505, 0.006674282718449831, 0.007523776963353157, 0.00837327167391777, 0.009222765453159809, 0.010072259232401848, 0.010921753942966461, 0.0117712477222085, 0.012620742432773113, 0.013470236212015152, 0.014319730922579765, 0.015169224701821804, 0.016018718481063843, 0.016868213191628456, 0.01771770603954792, 0.018567200750112534, 0.019416695460677147, 0.02026619017124176, 0.021115683019161224, 0.021965177729725838, 0.02281467244029045]}, "_step": 14, "Epochs": 0, "Total Loss": 2.562404155731201, "Cross-entropy Loss": 1.57814359664917, "Dice Loss": 0.984260618686676, "Intersection over Union": 0.220703125, "Number of Examples": 20, "image_3.jpg": {"_type": "image-file", "path": "media/images/image_3.jpg_10_03aef805cb67dd547c2c.png", "sha256": "03aef805cb67dd547c2ce1679d67726fa725fa9518117e49802636a9bf155a75", "size": 429841, "format": "png", "width": 950, "height": 463}, "image_14.jpg": {"_type": "image-file", "path": "media/images/image_14.jpg_11_64f964913db637ea39f4.png", "sha256": "64f964913db637ea39f492a25a01bf923f2713f8fc8a60bd103e967e86643a92", "size": 409080, "format": "png", "width": 950, "height": 463}, "image_20.jpg": {"_type": "image-file", "path": "media/images/image_20.jpg_12_d0a2d0af0fcd0c95a387.png", "sha256": "d0a2d0af0fcd0c95a38752df89200f1f3366be14792e4b13f13a46368f665340", "size": 367853, "format": "png", "width": 950, "height": 463}, "image_25.jpg": {"_type": "image-file", "path": "media/images/image_25.jpg_13_2630d0243fcd38ea9d57.png", "sha256": "2630d0243fcd38ea9d57b5ed1e3b08541b012773d68f708f119c6271fba88aa2", "size": 382050, "format": "png", "width": 950, "height": 463}, "Test Accuracy": 0.5, "Test IoU": 0.049560546875, "_wandb": {"runtime": 13}}